province,tenders,completed,failed_or_cancelled_rate,contract_value,avg_bids,single_bid_rate,near_hps_rate,multi_flag_rate,multi_flag_value_share
Sumatera Selatan,447,349,0.21923937360178972,1096150626776.3801,1.2378223495702005,0.8194842406876791,0.7650429799426934,0.8022922636103151,0.7468345767538909
Kalimantan Tengah,281,214,0.23843416370106763,1194373616223.72,1.4018691588785046,0.6915887850467289,0.5071090047393365,0.5887850467289719,0.3029969560415286
Jambi,81,73,0.09876543209876543,137629135974.06998,2.4383561643835616,0.5068493150684932,0.4246575342465753,0.4794520547945205,0.40726965701216433
Lampung,261,239,0.0842911877394636,380361790065.85004,1.217573221757322,0.8075313807531381,0.41422594142259417,0.4686192468619247,0.20141111023064934
Sulawesi Tengah,56,42,0.25,43453703458.64,3.6904761904761907,0.14285714285714285,0.5238095238095238,0.38095238095238093,0.39098077481982557
Bengkulu,109,94,0.13761467889908258,423224381141.8901,2.234042553191489,0.40425531914893614,0.30851063829787234,0.32978723404255317,0.2460717371909272
Jawa Barat,188,166,0.11702127659574468,184608005469.3499,3.746987951807229,0.18674698795180722,0.20481927710843373,0.3072289156626506,0.24353266625165018
Banten,303,283,0.066006600660066,468230269040.23,2.0530035335689045,0.46996466431095407,0.09252669039145907,0.2862190812720848,0.16198471181506074
Papua Barat,54,50,0.07407407407407407,150805782778.82,2.08,0.42,0.26,0.26,0.46258058108483524
Maluku,199,128,0.35678391959798994,107921561906.34001,2.3671875,0.3671875,0.1796875,0.2578125,0.370244466689308
Sumatera Utara,117,109,0.06837606837606838,219795045986.0499,2.743119266055046,0.4036697247706422,0.1743119266055046,0.25688073394495414,0.04943619281782921
Kalimantan Selatan,331,275,0.1691842900302115,1284340256081.4302,4.454545454545454,0.1890909090909091,0.07749077490774908,0.24727272727272728,0.03527655435516258
Kalimantan Barat,129,111,0.13953488372093023,92150973378.53001,6.162162162162162,0.15315315315315314,0.03636363636363636,0.21621621621621623,0.10065676378586251
Maluku Utara,199,176,0.11557788944723618,212080923697.65,2.477272727272727,0.375,0.07954545454545454,0.21022727272727273,0.17063994005332128
DKI Jakarta,606,534,0.1188118811881188,8605444422557.301,5.149812734082397,0.12172284644194757,0.29080675422138835,0.17790262172284643,0.09204923885852978
Papua,59,57,0.03389830508474576,90386421186.65001,4.526315789473684,0.24561403508771928,0.14035087719298245,0.17543859649122806,0.22060373101988753
Kalimantan Timur,287,264,0.08013937282229965,1135696389802.0698,9.045454545454545,0.09848484848484848,0.022813688212927757,0.17045454545454544,0.08422179898443637
Sumatera Barat,41,37,0.0975609756097561,40272880168.229996,5.54054054054054,0.0,0.08108108108108109,0.16216216216216217,0.04564971590361425
Kalimantan Utara,34,25,0.2647058823529412,9307639515.01,1.84,0.32,0.21739130434782608,0.16,0.2685118556406957
Kepulauan Riau,74,58,0.21621621621621623,108607540280.3,3.293103448275862,0.3103448275862069,0.13793103448275862,0.15517241379310345,0.0758773714229378
Sulawesi Utara,13,13,0.0,32937088140.370003,3.3076923076923075,0.15384615384615385,0.23076923076923078,0.15384615384615385,0.451688478444618
Bali,94,90,0.0425531914893617,443263339950.92004,4.988888888888889,0.022222222222222223,0.125,0.12222222222222222,0.008728442711297513
Sulawesi Tenggara,99,87,0.12121212121212122,100837734687.58998,5.597701149425287,0.21839080459770116,0.12643678160919541,0.11494252873563218,0.10696229197746351
Jawa Timur,105,95,0.09523809523809523,566723208382.63,7.863157894736842,0.021052631578947368,0.18947368421052632,0.09473684210526316,0.008929404097076155
Sulawesi Barat,20,11,0.45,5877691233.16,2.0,0.5454545454545454,0.1,0.09090909090909091,0.5501810233933346
Jawa Tengah,238,220,0.07563025210084033,1070635355557.1097,11.5,0.013636363636363636,0.004545454545454545,0.045454545454545456,0.0846546422930411
DI Yogyakarta,79,71,0.10126582278481013,390481828785.9501,14.549295774647888,0.028169014084507043,0.0,0.04225352112676056,0.001538963674361951
Kepulauan Bangka Belitung,38,37,0.02631578947368421,54506934428.99999,3.4594594594594597,0.13513513513513514,0.02702702702702703,0.02702702702702703,0.006643349947916772
Aceh,87,81,0.06896551724137931,155404203043.42,9.345679012345679,0.012345679012345678,0.20987654320987653,0.024691358024691357,0.005679997803877766
Nusa Tenggara Barat,66,55,0.16666666666666666,167571470999.06,6.2727272727272725,0.07272727272727272,0.1111111111111111,0.01818181818181818,
Sulawesi Selatan,94,73,0.22340425531914893,638611061681.35,4.402777777777778,0.05555555555555555,0.014084507042253521,0.0136986301369863,
Riau,32,7,0.78125,3886190586.0,5.0,0.0,0.42857142857142855,0.0,
Nusa Tenggara Timur,34,31,0.08823529411764706,16109663779.88,7.806451612903226,0.03225806451612903,0.03225806451612903,0.0,
Gorontalo,12,10,0.16666666666666666,3724325960.4300003,3.8,0.0,0.0,0.0,
