portal,province,work_unit,winner_name,wins,contract_value
baliprov,Bali,"Dinas Pekerjaan Umum, Penataan Ruang, Perumahan dan Kawasan Permukiman",CV. Amertha Nirwana,3,850371000.0
baliprov,Bali,"Dinas Pekerjaan Umum, Penataan Ruang, Perumahan dan Kawasan Permukiman",CV. PERMATA KONSULTAN,3,596287171.0
bantenprov,Banten,Dinas Perumahan Rakyat dan Kawasan Permukiman,PT. MAJARI MITRA KONSULTAN,3,1192533500.0
bantenprov,Banten,Dinas Pendidikan dan Kebudayaan,PT. BIGHI KONSULTAN PRAKASA,4,1188097437.16
bantenprov,Banten,Dinas Perumahan Rakyat dan Kawasan Permukiman,CV.RATU CIPTA MANAGEMENT,3,1153703000.0
bantenprov,Banten,Dinas Pendidikan dan Kebudayaan,BUANA CAKRA KONSULTAN,3,552955109.0
bantenprov,Banten,Dinas Pekerjaan Umum dan Penataan Ruang,PT.PARINDO RAYA ENGINEERING,10,3206740500.0
bantenprov,Banten,Dinas Pendidikan dan Kebudayaan,PT. NADIYA KARYA PERSADA,3,683901525.0
bantenprov,Banten,Dinas Pekerjaan Umum dan Penataan Ruang,PT. MAJARI MITRA KONSULTAN,4,1697931000.0
bantenprov,Banten,Dinas Pekerjaan Umum dan Penataan Ruang,PUTRA UTAMA BAJABIR,3,9803359500.0
bantenprov,Banten,Dinas Pekerjaan Umum dan Penataan Ruang,ardiana dwi yasa consultant.pt,3,906565000.0
jabarprov,Jawa Barat,Dinas Bina Marga dan Penataan Ruang,PT. SECON DWITUNGGAL PUTRA,8,9883916337.63
jabarprov,Jawa Barat,Dinas Perumahan dan Permukiman,SELARAS CAKRA UTAMA,3,606487224.5699999
jabarprov,Jawa Barat,Dinas Bina Marga dan Penataan Ruang,PT. GARIS PUTIH SEJAJAR,6,7727395240.0
jabarprov,Jawa Barat,UPTD PENGELOLAAN SUMBER DAYA AIR WILAYAH SUNGAI CIMANUK-CISANGGARUNG,PT. DUTA BHUANA JAYA,3,583878870.0
jakarta,DKI Jakarta,DINAS PERUMAHAN RAKYAT DAN KAWASAN PERMUKIMAN,PT. BUMI MADANI,4,1942625430.0
jambiprov,Jambi,Dinas Pekerjaan Umum dan Perumahan Rakyat,CV. MEDIA TEKNIK KONSULTAN,3,1074920120.0
jatimprov,Jawa Timur,DINAS PEKERJAAN UMUM BINA MARGA,PT. DHIRATAMA CIPTA PERSADA,4,1763210469.0
kalbarprov,Kalimantan Barat,DINAS PEKERJAAN UMUM DAN PENATAAN RUANG PROVINSI KALIMANTAN BARAT,cv.raffan design,3,1210254000.0
kalbarprov,Kalimantan Barat,DINAS PEKERJAAN UMUM DAN PENATAAN RUANG PROVINSI KALIMANTAN BARAT,"Askon Multi Jasa, PT",5,1714058000.0
kalselprov,Kalimantan Selatan,DINAS PEKERJAAN UMUM DAN PENATAAN RUANG,PT. TECHNIKATAMA JASA KONSULTAN,8,3222666318.3199997
kalselprov,Kalimantan Selatan,DINAS PEKERJAAN UMUM DAN PENATAAN RUANG,MITRA UTAMA TEKNIKA,5,3175643575.3
kalselprov,Kalimantan Selatan,DINAS PEKERJAAN UMUM DAN PENATAAN RUANG,PT. WINAYA KONTEKS KHARISMA,4,1449289482.0
kalselprov,Kalimantan Selatan,DINAS PEKERJAAN UMUM DAN PENATAAN RUANG,CV. TIKA KREATIF DESAIN KONSULTAN,8,3234095889.0
kalselprov,Kalimantan Selatan,DINAS PEKERJAAN UMUM DAN PENATAAN RUANG,SADWA RAMA CONSULTANT,4,1729546384.0
kalteng,Kalimantan Tengah,Dinas Pekerjaan Umum dan Penataan Ruang,PT. NIDISA ESTETIKA,5,5635173493.63
kalteng,Kalimantan Tengah,Dinas Pekerjaan Umum dan Penataan Ruang,Bhakti Nusa Perkasa,5,3468245123.0
kalteng,Kalimantan Tengah,Dinas Pekerjaan Umum dan Penataan Ruang,PT. EDUKA REKAYASA KONSULTAN,4,1521558304.0
kalteng,Kalimantan Tengah,Dinas Pekerjaan Umum dan Penataan Ruang,PT.JUMPUN PIHEWUKAN CONSULTANT,6,5170526733.0
kaltimprov,Kalimantan Timur,"Dinas Pekerjaan Umum, Penataan Ruang dan Perumahan Rakyat",PT. WIDYA AIKA BERKARYA,5,2254186968.0
kaltimprov,Kalimantan Timur,"Dinas Pekerjaan Umum, Penataan Ruang dan Perumahan Rakyat",PT. ZEIN ANUGERAH PERKASA,4,37635581420.0
kaltimprov,Kalimantan Timur,"Dinas Pekerjaan Umum, Penataan Ruang dan Perumahan Rakyat",CV. HANDAYANI,3,6480139313.110001
kaltimprov,Kalimantan Timur,Dinas Pendidikan dan Kebudayaan,CV. CAHAYA HATI,3,5966360075.35
kaltimprov,Kalimantan Timur,"Dinas Pekerjaan Umum, Penataan Ruang dan Perumahan Rakyat",CV. Enggang Cipta Consultant,4,3235071496.8599997
kaltimprov,Kalimantan Timur,"Dinas Pekerjaan Umum, Penataan Ruang dan Perumahan Rakyat",PT. SIERA KALTIM KONSULINDO,3,2528505852.0
lampungprov,Lampung,Dinas Bina Marga dan Bina Konstruksi,CV. Nusa Indah Tehnik,3,1579104255.0
lampungprov,Lampung,Dinas Bina Marga dan Bina Konstruksi,CV. NUSANTARA KARYA REKAYASA,5,1432586726.45
lampungprov,Lampung,Dinas Bina Marga dan Bina Konstruksi,CV. TRIBUANA ARTHA,3,1136117000.0
lampungprov,Lampung,Dinas Bina Marga dan Bina Konstruksi,CV.Karya Mulya Mandiri,3,1524309000.0
malukuprov,Maluku,DINAS PEKERJAAN UMUM DAN PENATAAN RUANG,CV. ZAFRAN MUDA MANDIRI,3,1346899000.0
malutprov,Maluku Utara,Dinas Pekerjaan Umum dan Tata Ruang,PT. PARADUTA PRATAMA KONSULTAN,3,2366302116.0
malutprov,Maluku Utara,Dinas Pekerjaan Umum dan Tata Ruang,FATEK ENGINEERING CONSULTANT,7,1154239500.0
papua,Papua,DINAS PEKERJAAN UMUM PENATAAN RUANG PERUMAHAN DAN KAWASAN PERMUKIMAN,CV.PUTRA ONATE,3,
sumselprov,Sumatera Selatan,Dinas Pekerjaan Umum Bina Marga dan Tata Ruang,CV. ERSELIA CITRA PERSADA,3,2462407008.0
sumselprov,Sumatera Selatan,Dinas Pekerjaan Umum Bina Marga dan Tata Ruang,CV. RZ KONSULTAN,4,2423583217.0
sumselprov,Sumatera Selatan,Dinas Pekerjaan Umum Bina Marga dan Tata Ruang,PT. DWI URIP,3,68983310205.77
sumselprov,Sumatera Selatan,Dinas Perumahan dan Kawasan Permukiman,CV AZZAM AAMIRAH,3,5869055580.83
sumselprov,Sumatera Selatan,Dinas Pengelolaan Sumber Daya Air,CV. ABAB JAYA MANDIRI,4,6032313931.79
sumselprov,Sumatera Selatan,Dinas Pengelolaan Sumber Daya Air,CV.BINAR CAKRAWALA ABADI,3,5706076000.0
sumselprov,Sumatera Selatan,Dinas Pengelolaan Sumber Daya Air,CV. DION BROTHERS,3,4056082000.0
baliprov,Bali,"Dinas Pendidikan, Kepemudaan dan Olahraga",CV. JAYA DESAIN,4,1839809356.0
baliprov,Bali,"Dinas Pekerjaan Umum, Penataan Ruang, Perumahan dan Kawasan Permukiman",PT MITRA TRI SAKTI,6,2101306810.0
bantenprov,Banten,Dinas Pendidikan dan Kebudayaan,PT. SERTIMA REKAYASA ENGINEERING,3,813561180.0
bengkuluprov,Bengkulu,Dinas Pekerjaan Umum dan Tata Ruang,CV. GAGAS NAULI JAYA,3,1726714890.0
jabarprov,Jawa Barat,Dinas Bina Marga dan Penataan Ruang,PT. KRIYASA ABDI NUSANTARA,9,6530385688.5
jabarprov,Jawa Barat,Dinas Bina Marga dan Penataan Ruang,PT. Anugrah Ezzy Perkasa,3,4058961586.5
jabarprov,Jawa Barat,Dinas Bina Marga dan Penataan Ruang,PT. NUANSA GALAXY,5,5502671820.0
jakarta,DKI Jakarta,DINAS SUMBER DAYA AIR,PT ADHI KARYA (Persero) Tbk,3,819809799573.22
jakarta,DKI Jakarta,DINAS PERUMAHAN RAKYAT DAN KAWASAN PERMUKIMAN,PT Prisma Karya Utama,4,708329850.0
jakarta,DKI Jakarta,DINAS SUMBER DAYA AIR,PT INAKKO Internasional Konsulindo,3,10712610000.0
jambiprov,Jambi,Dinas Pekerjaan Umum dan Perumahan Rakyat,CV. ABI KARYA PERSADA,3,2779084185.06
jatengprov,Jawa Tengah,DINAS PEKERJAAN UMUM BINA MARGA DAN CIPTA KARYA,PT. VALENTARA SARANA RAYA,3,72143370000.0
jatengprov,Jawa Tengah,DINAS PENDIDIKAN DAN KEBUDAYAAN,CV. TUNJUNG STEEL CONSTRUCTION,3,10574315249.09
jogjaprov,DI Yogyakarta,"DINAS PEKERJAAN UMUM, PERUMAHAN DAN ENERGI SUMBER DAYA MINERAL",PT. DARMASRAYA MITRA AMERTA,3,538949205.0
jogjaprov,DI Yogyakarta,SEKRETARIAT DPRD,PT Visi Indonesia Mandiri Berkemajuan,4,794876550.0
kalbarprov,Kalimantan Barat,DINAS PEKERJAAN UMUM DAN PENATAAN RUANG PROVINSI KALIMANTAN BARAT,PT. FINI REKAYASA KONSULTAN,4,2780268000.0
kalbarprov,Kalimantan Barat,DINAS PEKERJAAN UMUM DAN PENATAAN RUANG PROVINSI KALIMANTAN BARAT,CV.Absri Ananta Konsultan,4,1563382000.0
kalselprov,Kalimantan Selatan,DINAS PEKERJAAN UMUM DAN PENATAAN RUANG,PT. IKA ADYA PERKASA,3,3611647182.0
kalselprov,Kalimantan Selatan,DINAS PEKERJAAN UMUM DAN PENATAAN RUANG,CV. Dharma Cipta Pratama,4,1568425781.44
kalselprov,Kalimantan Selatan,DINAS PEKERJAAN UMUM DAN PENATAAN RUANG,CV. FIAZTA MATRIX CONSULTANT,5,3710859814.5
kalselprov,Kalimantan Selatan,DINAS PEKERJAAN UMUM DAN PENATAAN RUANG,PT. Prisma Jasa Konsulindo,6,1711928782.02
kalselprov,Kalimantan Selatan,DINAS PEKERJAAN UMUM DAN PENATAAN RUANG,CV. Intishar Karya,3,2667092126.98
kalselprov,Kalimantan Selatan,DINAS PEKERJAAN UMUM DAN PENATAAN RUANG,CV. EMPAT BELAS,5,2999457957.0
kalteng,Kalimantan Tengah,Dinas Pekerjaan Umum dan Penataan Ruang,CV. TIKA KREATIF DESAIN KONSULTAN,3,1136498199.0
kalteng,Kalimantan Tengah,Dinas Pekerjaan Umum dan Penataan Ruang,PT.TEMA KARYA MANDIRI,11,12775431422.0
kalteng,Kalimantan Tengah,Dinas Pekerjaan Umum dan Penataan Ruang,PT. CIPTA BINA KATULUHNI,3,3583440655.0
kaltimprov,Kalimantan Timur,"Dinas Pekerjaan Umum, Penataan Ruang dan Perumahan Rakyat",CV. WAHANA CAHAYA KONSULTAN,3,2137845792.0
kaltimprov,Kalimantan Timur,Dinas Pendidikan dan Kebudayaan,CV. SUMBER LUMINTU,4,6587659043.440001
kaltimprov,Kalimantan Timur,Dinas Pendidikan dan Kebudayaan,RANDU ALAS ENGINEERING,3,653476092.0
lampungprov,Lampung,Dinas Bina Marga dan Bina Konstruksi,skala laras,3,1362682000.0
lampungprov,Lampung,Dinas Bina Marga dan Bina Konstruksi,CV. SA'DA KONSULTAN,3,1589596000.0
lampungprov,Lampung,Dinas Bina Marga dan Bina Konstruksi,cv. view consultant,4,1890872460.0
lampungprov,Lampung,Dinas Bina Marga dan Bina Konstruksi,CV. JASA TEHNIK,3,1091388214.0
lampungprov,Lampung,Dinas Bina Marga dan Bina Konstruksi,CV. SEMAR MESEM gmbh,3,1178606000.0
lampungprov,Lampung,Dinas Bina Marga dan Bina Konstruksi,CV. Wirawan Konsultan,4,2015206580.0
malutprov,Maluku Utara,Dinas Pekerjaan Umum dan Tata Ruang,PT. CIVILARCH ENGINEERING CONSULTANT,4,
malutprov,Maluku Utara,Dinas Pekerjaan Umum dan Tata Ruang,CV Modern Maju Membangun,3,15383919765.74
sumselprov,Sumatera Selatan,Dinas Pekerjaan Umum Bina Marga dan Tata Ruang,CV GISA BERSAUDARA,3,2242224237.0
sumselprov,Sumatera Selatan,Dinas Pekerjaan Umum Bina Marga dan Tata Ruang,NUWAIRAH HATTU ZOLAM,3,11812896356.33
sumselprov,Sumatera Selatan,Dinas Pekerjaan Umum Bina Marga dan Tata Ruang,PT. BUMI KITA CONSTRUCTION,4,13677615149.6
sumselprov,Sumatera Selatan,Dinas Pekerjaan Umum Bina Marga dan Tata Ruang,cv.ryan ghapo group,3,10145163877.95
sumutprov,Sumatera Utara,Dinas Pekerjaan Umum dan Penataan Ruang,CV LAURA,3,123616815.0
baliprov,Bali,"Dinas Pendidikan, Kepemudaan dan Olahraga",CV. Studio Kotak,5,906862812.78
bantenprov,Banten,Dinas Pendidikan dan Kebudayaan,PT. ESA SAKTI CONSULTANT,4,1333640302.5
bantenprov,Banten,Dinas Energi dan Sumber Daya Mineral,PT. ANUGRAH RIZKY ANANDA,3,1418763433.85
bengkuluprov,Bengkulu,Dinas Pekerjaan Umum dan Tata Ruang,"DINAMIKA CONSULTANT, CV",5,1866796224.0
bengkuluprov,Bengkulu,Dinas Pekerjaan Umum dan Tata Ruang,CV. UTAKA ESSA KONSULTAN,6,1848513200.88
bengkuluprov,Bengkulu,Dinas Pekerjaan Umum dan Tata Ruang,PT. RODATEKNINDO PURAJAYA,3,183039206451.01
jabarprov,Jawa Barat,Dinas Bina Marga dan Penataan Ruang,cv.maya persada,3,1691710762.5
jabarprov,Jawa Barat,Dinas Bina Marga dan Penataan Ruang,PT. GANESHA PRATAMA CONSULTANT,4,3062242747.5
jabarprov,Jawa Barat,Dinas Bina Marga dan Penataan Ruang,LAKSANA DISAIN DAYA CIPTA PT.,6,8074033218.0
jabarprov,Jawa Barat,Dinas Perumahan dan Permukiman,PT. ALOCITA MANDIRI,3,1331229882.0
jabarprov,Jawa Barat,Dinas Bina Marga dan Penataan Ruang,PT. Puri Dimensi,4,4079091270.0
jakarta,DKI Jakarta,DINAS SUMBER DAYA AIR,PT. NINDYA KARYA (Persero),4,1515481015134.92
jakarta,DKI Jakarta,DINAS SUMBER DAYA AIR,PT BRANTAS ABIPRAYA (Persero),4,650020452125.2
jakarta,DKI Jakarta,DINAS SUMBER DAYA AIR,PT. TRI BINA BUANA,3,2125352520.0
jakarta,DKI Jakarta,DINAS PERUMAHAN RAKYAT DAN KAWASAN PERMUKIMAN,PT Delta Arsitektur Persada,3,1776627150.0
jakarta,DKI Jakarta,DINAS SUMBER DAYA AIR,PT. Pembangunan Perumahan (Persero)  Tbk,3,329841324202.26
jatimprov,Jawa Timur,DINAS PEKERJAAN UMUM BINA MARGA,PT. Bhakti Persada,4,2265916838.0
kalbarprov,Kalimantan Barat,DINAS PEKERJAAN UMUM DAN PENATAAN RUANG PROVINSI KALIMANTAN BARAT,CV. NILAM GRIYA UTAMA,4,1361091000.0
kalbarprov,Kalimantan Barat,DINAS PEKERJAAN UMUM DAN PENATAAN RUANG PROVINSI KALIMANTAN BARAT,PT. MITRA JASA SEJATI,3,1258561000.0
kalselprov,Kalimantan Selatan,DINAS PEKERJAAN UMUM DAN PENATAAN RUANG,CV SEMBILAN SATU ENGINEERING,6,2030470084.0
kalselprov,Kalimantan Selatan,DINAS PEKERJAAN UMUM DAN PENATAAN RUANG,CV. DAYAKARSA MADYA Consultant,3,900122310.0
kalselprov,Kalimantan Selatan,DINAS PEKERJAAN UMUM DAN PENATAAN RUANG,CV. RAMIER JAYA ARKANANTA,7,3874401926.0
kalselprov,Kalimantan Selatan,DINAS PEKERJAAN UMUM DAN PENATAAN RUANG,PT TECTAMA KARYA,4,1826366916.0
kalteng,Kalimantan Tengah,Dinas Pekerjaan Umum dan Penataan Ruang,PT. MULTI KARYA PRIMAS MANDIRI,6,96115200000.0
kalteng,Kalimantan Tengah,Dinas Pekerjaan Umum dan Penataan Ruang,PT. ANDAL CENDANAKA,7,3782160303.84
kalteng,Kalimantan Tengah,Dinas Pekerjaan Umum dan Penataan Ruang,PT. KOKOH ESTETIKA KONSULTAN,3,4446078912.8
kalteng,Kalimantan Tengah,Dinas Pekerjaan Umum dan Penataan Ruang,CV. TATA KONSTRUKSI,3,12306000000.0
kalteng,Kalimantan Tengah,Dinas Pekerjaan Umum dan Penataan Ruang,PT. WASTU CITRA,3,3050619280.0
kaltimprov,Kalimantan Timur,"Dinas Pekerjaan Umum, Penataan Ruang dan Perumahan Rakyat",CV. DUTA PONTANA,4,2658318742.5
kaltimprov,Kalimantan Timur,"Dinas Pekerjaan Umum, Penataan Ruang dan Perumahan Rakyat",CV. SIKLUS TEKNIK KONSULTAN,3,1837527300.0
kaltimprov,Kalimantan Timur,"Dinas Pekerjaan Umum, Penataan Ruang dan Perumahan Rakyat",CV.PUSAKA DIGJAYA,3,2454119350.74
kepriprov,Kepulauan Riau,"Dinas Pekerjaan Umum, Penataan Ruang dan Pertanahan",PT. MULTI FORMA RIAU KONSULTAN,3,741780565.8
lampungprov,Lampung,Dinas Bina Marga dan Bina Konstruksi,CV.LORINSA SEJAHTERA,3,1512443182.0
lampungprov,Lampung,"Dinas Perumahan, Kawasan Permukiman dan Cipta Karya",ARTHA JAYA KONSTRUKSI,3,2186993000.0
malukuprov,Maluku,DINAS PEKERJAAN UMUM DAN PENATAAN RUANG,CV. RALMIDA JAYA,3,4358620000.0
malutprov,Maluku Utara,Dinas Pekerjaan Umum dan Tata Ruang,CV. PUTRA ARENA MASA,3,516649100.0
malutprov,Maluku Utara,Dinas Pekerjaan Umum dan Tata Ruang,DELA CONCIETA. CV,4,567132325.0
malutprov,Maluku Utara,Dinas Pekerjaan Umum dan Tata Ruang,CV. PORTAL CONSULTANT,4,696930150.0
malutprov,Maluku Utara,Dinas Pekerjaan Umum dan Tata Ruang,CV. ADIGUNA SARANA,3,4275283100.0
sulselprov,Sulawesi Selatan,DINAS BINA MARGA DAN BINA KONSTRUKSI,PT. Agrinas Pangan Nusantara (Persero) Kantor Wilayah II Makassar,3,
sulselprov,Sulawesi Selatan,"DINAS TANAMAN PANGAN, HORTIKULTURA DAN PERKEBUNAN",PT. Sanur Putra Utama,3,481842120.0
sumbarprov,Sumatera Barat,"DINAS BINA MARGA, CIPTA KARYA DAN TATA RUANG",ANDALAS RAYA CONSULINDO,6,1307865932.8
sumselprov,Sumatera Selatan,Dinas Pekerjaan Umum Bina Marga dan Tata Ruang,CV. MEDELLINE ARCH,3,2581091944.0
sumselprov,Sumatera Selatan,Dinas Pekerjaan Umum Bina Marga dan Tata Ruang,CV. CIPTA BANGUN CONSULTANT,3,1817435878.5
sumselprov,Sumatera Selatan,Dinas Pekerjaan Umum Bina Marga dan Tata Ruang,CV. Karya Inti Konstruksi,3,30575944987.8
sumselprov,Sumatera Selatan,Dinas Pengelolaan Sumber Daya Air,CV. ROM KARYA,6,1731007762.1999998
sumselprov,Sumatera Selatan,Dinas Pekerjaan Umum Bina Marga dan Tata Ruang,CV. BENNI PERMAI,3,38449757077.32
sumselprov,Sumatera Selatan,Sekretariat DPRD,CV MUMTAZ BANGUN PERSADA,3,4650792492.67
sumutprov,Sumatera Utara,Dinas Pekerjaan Umum dan Penataan Ruang,CV. Balakosa Consultant,4,1742020680.0
sumutprov,Sumatera Utara,Dinas Pekerjaan Umum dan Penataan Ruang,CV. Gunung Agung Sejahtera,3,718691589.0
baliprov,Bali,"Dinas Pekerjaan Umum, Penataan Ruang, Perumahan dan Kawasan Permukiman",PT. BIKARMA,7,2400793327.4
baliprov,Bali,"Dinas Pekerjaan Umum, Penataan Ruang, Perumahan dan Kawasan Permukiman",PT. Putra Dmitri Desain,4,1408105608.0
bantenprov,Banten,Dinas Pekerjaan Umum dan Penataan Ruang,PT. SAEBA KONSULINDO,3,1905691000.0
bantenprov,Banten,Dinas Pekerjaan Umum dan Penataan Ruang,PT. BIGHI KONSULTAN PRAKASA,8,2746087000.0
bantenprov,Banten,Dinas Pendidikan dan Kebudayaan,PT.PARINDO RAYA ENGINEERING,4,1126906670.0
bantenprov,Banten,Dinas Pekerjaan Umum dan Penataan Ruang,PT. KREASI TEKNIKTAMA KONSULTAN,8,2877808800.0
bantenprov,Banten,Dinas Pekerjaan Umum dan Penataan Ruang,PT. ZHAFIRA ARTHA KONSULINDO,3,438586000.0
bantenprov,Banten,Dinas Pekerjaan Umum dan Penataan Ruang,PT DATA ENGINEERING KONSULTAN,6,1723659300.0
bengkuluprov,Bengkulu,Dinas Pekerjaan Umum dan Tata Ruang,CV. TRI PUTERA,4,1262390734.5
jabarprov,Jawa Barat,Dinas Bina Marga dan Penataan Ruang,PT. DUTA BHUANA JAYA,5,3377884163.8
jabarprov,Jawa Barat,Dinas Perumahan dan Permukiman,PT. METAFORMA CONSULTANS,3,1518207217.0
jakarta,DKI Jakarta,DINAS PERHUBUNGAN,KAP Sriyadi Elly Sugeng & Rekan,3,2696983000.0
jatengprov,Jawa Tengah,DINAS PENDIDIKAN DAN KEBUDAYAAN,CV. RIDHO JAYA LOGAM,3,7738857401.88
jatimprov,Jawa Timur,DINAS PEKERJAAN UMUM BINA MARGA,PT. DUTA BHUANA JAYA,3,1023135841.0
kalselprov,Kalimantan Selatan,DINAS PEKERJAAN UMUM DAN PENATAAN RUANG,CV. KHARISMA JAYA,3,2336946679.6499996
kalselprov,Kalimantan Selatan,DINAS PEKERJAAN UMUM DAN PENATAAN RUANG,CV. ARSA DELAPAN,4,1808191416.0
kalselprov,Kalimantan Selatan,DINAS PEKERJAAN UMUM DAN PENATAAN RUANG,PT. WAHANA PRAKARSA UTAMA CABANG JATIM,5,3339897193.0
kalselprov,Kalimantan Selatan,DINAS PERUMAHAN RAKYAT DAN KAWASAN PERMUKIMAN,PT. KINARYA ALAM RAYA,3,1330963060.0
kalselprov,Kalimantan Selatan,DINAS PEKERJAAN UMUM DAN PENATAAN RUANG,PT. MATRA ESTETIKA REKAYASA,6,2060534847.0
kalteng,Kalimantan Tengah,Dinas Pekerjaan Umum dan Penataan Ruang,CV. MAYANG ENGINEERING,6,2800567200.0
kalteng,Kalimantan Tengah,Dinas Pekerjaan Umum dan Penataan Ruang,PT. MITRA INDAH MEMBANGUN,5,8722723476.84
kalteng,Kalimantan Tengah,Dinas Pekerjaan Umum dan Penataan Ruang,PT Prakarsa Desain Konsultan,5,3825000000.0
kalteng,Kalimantan Tengah,Dinas Pekerjaan Umum dan Penataan Ruang,PT. MIRAMY KONSULTAN,3,2160000000.0
kaltimprov,Kalimantan Timur,Dinas Pendidikan dan Kebudayaan,CV. DUTA PONTANA,3,713053344.0
kaltimprov,Kalimantan Timur,Dinas Pendidikan dan Kebudayaan,Devzai Bersaudara,4,9295000400.0
kaltimprov,Kalimantan Timur,"Dinas Pekerjaan Umum, Penataan Ruang dan Perumahan Rakyat",CV. KHALID PRIMA SAKTI,3,2267651301.0
lampungprov,Lampung,Dinas Bina Marga dan Bina Konstruksi,CV. Prawita Utama Konsultan,3,1180194480.0
lampungprov,Lampung,Dinas Bina Marga dan Bina Konstruksi,CV. Wahana Maju Sejahtera,3,1023045000.0
lampungprov,Lampung,Dinas Bina Marga dan Bina Konstruksi,PT ANUGERAH REKAYASA MANDIRI,3,970553000.0
lampungprov,Lampung,Dinas Bina Marga dan Bina Konstruksi,razaktha. CV,3,883337219.0
malukuprov,Maluku,DINAS PEKERJAAN UMUM DAN PENATAAN RUANG,CV. RITIMASE MANDIRI,4,4763036000.0
malutprov,Maluku Utara,Dinas Pekerjaan Umum dan Tata Ruang,LINTAS RAYA DESAIN,4,686962138.0
malutprov,Maluku Utara,Dinas Pekerjaan Umum dan Tata Ruang,PT.DELINEASI RUPABUMI KONSULTAN,4,1183415586.48
malutprov,Maluku Utara,Dinas Pekerjaan Umum dan Tata Ruang,PERMATA DESIGN TEKNIK,6,740119950.0
sumbarprov,Sumatera Barat,"DINAS BINA MARGA, CIPTA KARYA DAN TATA RUANG",PT.TEKNIK EKSAKTA,5,2568465450.0
sumbarprov,Sumatera Barat,"DINAS BINA MARGA, CIPTA KARYA DAN TATA RUANG",PT. Inasa Sakha Kirana,3,748207556.76
sumselprov,Sumatera Selatan,Dinas Pekerjaan Umum Bina Marga dan Tata Ruang,ALDO PERMAI,3,81127801468.7
sumselprov,Sumatera Selatan,Dinas Pekerjaan Umum Bina Marga dan Tata Ruang,cv.alpha mekanika sarana,4,2551432216.0
sumselprov,Sumatera Selatan,Dinas Pekerjaan Umum Bina Marga dan Tata Ruang,CV. BINTANG SEJATI NUSANTARA,3,9836631970.46
sumselprov,Sumatera Selatan,Dinas Pekerjaan Umum Bina Marga dan Tata Ruang,CV. MAWAR,5,27653400016.72
sumselprov,Sumatera Selatan,Dinas Pekerjaan Umum Bina Marga dan Tata Ruang,CV.Berlian Muda Perkasa,3,6519987966.98
sumselprov,Sumatera Selatan,Dinas Pekerjaan Umum Bina Marga dan Tata Ruang,CV. TRIDA SARANA,4,30046030216.65
sumselprov,Sumatera Selatan,Dinas Perumahan dan Kawasan Permukiman,CV. DUA NOL DUA,3,1829051933.83
sumselprov,Sumatera Selatan,Dinas Perumahan dan Kawasan Permukiman,CV MARTEL BERSAMA GEMILANG,5,2561844319.6
sumselprov,Sumatera Selatan,Dinas Pendidikan,CV. LEI Karya Konstruksi,3,
sumutprov,Sumatera Utara,Dinas Pekerjaan Umum dan Penataan Ruang,CV. Prisma Tehnik,4,1131518904.0
sumutprov,Sumatera Utara,Dinas Pekerjaan Umum dan Penataan Ruang,CV. PELITA BUANA,3,804145383.0
