tender_a,tender_b,portal,work_unit,winner_name,pagu
10020152000,10020175000,acehprov,Dinas Pendidikan Dayah,PT. KIMCIPTA PERSADA SEJAHTERA,110091743.0
10021345000,10023457000,acehprov,Dinas Pengairan,PT. BUILCO TOTAL KONSULTAN,480000000.0
10032026000,10039452000,baliprov,"Dinas Pendidikan, Kepemudaan dan Olahraga",CV. Studio Kotak,200000000.0
10028854000,10028857000,baliprov,"Dinas Pendidikan, Kepemudaan dan Olahraga",CV. JAYA DESAIN,600000000.0
10031735000,10039452000,baliprov,"Dinas Pendidikan, Kepemudaan dan Olahraga",CV. Studio Kotak,200000000.0
10032030000,10039452000,baliprov,"Dinas Pendidikan, Kepemudaan dan Olahraga",CV. Studio Kotak,200000000.0
10054989000,10055040000,bantenprov,Dinas Perumahan Rakyat dan Kawasan Permukiman,CV LASEBA,2850000000.0
10030356000,10035851000,bantenprov,Dinas Pekerjaan Umum dan Penataan Ruang,PT. BIGHI KONSULTAN PRAKASA,300000000.0
10032054000,10032056000,bantenprov,Dinas Pendidikan dan Kebudayaan,PT. NADIYA KARYA PERSADA,250000000.0
10044048000,10044052000,bantenprov,Dinas Perumahan Rakyat dan Kawasan Permukiman,CV.RATU CIPTA MANAGEMENT,300000000.0
10065109000,10065403000,bantenprov,Dinas Energi dan Sumber Daya Mineral,PT. ANUGRAH RIZKY ANANDA,500000000.0
10071893000,10071903000,bantenprov,Dinas Pekerjaan Umum dan Penataan Ruang,PT. SERTIMA REKAYASA ENGINEERING,200000000.0
10019901000,10019962000,bantenprov,Dinas Pekerjaan Umum dan Penataan Ruang,PT. KREASI TEKNIKTAMA KONSULTAN,300000000.0
10065107000,10065332000,bantenprov,Dinas Energi dan Sumber Daya Mineral,pt. rakarsa surya energi,500000000.0
10039368000,10039914000,bengkuluprov,Dinas Pekerjaan Umum dan Tata Ruang,CV. ANUGERAH PERDANA KONSULTAN,500000000.0
10014146000,10014309000,jabarprov,Dinas Bina Marga dan Penataan Ruang,PT.KARPA,979178571.0
10017766000,10021848000,jakarta,DINAS PERUMAHAN RAKYAT DAN KAWASAN PERMUKIMAN,PT. INKONEKSI IZI KONSULTAN,562853498.0
10016500000,10017778000,jakarta,DINAS KESEHATAN,PT. GRANITINDO CIPTA SEJATI,930340286.0
10070885000,10075162000,jatimprov,DINAS PEKERJAAN UMUM BINA MARGA,PT. DUTA BHUANA JAYA,440000000.0
10018787000,10021442000,jogjaprov,"DINAS PEKERJAAN UMUM, PERUMAHAN DAN ENERGI SUMBER DAYA MINERAL",CV. Madani Callysta Saibuyun,225000000.0
10031800000,10034743000,kalbarprov,DINAS PEKERJAAN UMUM DAN PENATAAN RUANG PROVINSI KALIMANTAN BARAT,PT. FINI REKAYASA KONSULTAN,1100000000.0
10031626000,10034235000,kalbarprov,DINAS PEKERJAAN UMUM DAN PENATAAN RUANG PROVINSI KALIMANTAN BARAT,"Askon Multi Jasa, PT",350000000.0
10031422000,10031622000,kalbarprov,DINAS PEKERJAAN UMUM DAN PENATAAN RUANG PROVINSI KALIMANTAN BARAT,cv.raffan design,800000000.0
10031751000,10031811000,kalbarprov,DINAS PEKERJAAN UMUM DAN PENATAAN RUANG PROVINSI KALIMANTAN BARAT,CV. NILAM GRIYA UTAMA,800000000.0
10031325000,10031792000,kalbarprov,DINAS PEKERJAAN UMUM DAN PENATAAN RUANG PROVINSI KALIMANTAN BARAT,CV. SUMA TRISAKA KREATIKA,350000000.0
10031366000,10031756000,kalbarprov,DINAS PEKERJAAN UMUM DAN PENATAAN RUANG PROVINSI KALIMANTAN BARAT,PT. KARTIA TARINA BUMI,1100000000.0
10031357000,10033681000,kalbarprov,DINAS PEKERJAAN UMUM DAN PENATAAN RUANG PROVINSI KALIMANTAN BARAT,CV.Absri Ananta Konsultan,350000000.0
10031384000,10034743000,kalbarprov,DINAS PEKERJAAN UMUM DAN PENATAAN RUANG PROVINSI KALIMANTAN BARAT,PT. FINI REKAYASA KONSULTAN,1100000000.0
10031588000,10034235000,kalbarprov,DINAS PEKERJAAN UMUM DAN PENATAAN RUANG PROVINSI KALIMANTAN BARAT,"Askon Multi Jasa, PT",350000000.0
10031194000,10031195000,acehprov,Dinas Pengairan,CV. SEGITIGA EMAS KONSULTAN,150000000.0
10020689000,10022655000,baliprov,"Dinas Pekerjaan Umum, Penataan Ruang, Perumahan dan Kawasan Permukiman",PT. GALEN SAGARA PERKASA,500000000.0
10032026000,10032030000,baliprov,"Dinas Pendidikan, Kepemudaan dan Olahraga",CV. Studio Kotak,200000000.0
10031735000,10032030000,baliprov,"Dinas Pendidikan, Kepemudaan dan Olahraga",CV. Studio Kotak,200000000.0
10074648000,10074651000,baliprov,"Dinas Pekerjaan Umum, Penataan Ruang, Perumahan dan Kawasan Permukiman",PT. Sinar Tunas Karya Utama,15225806320.0
10026624000,10027187000,bantenprov,Dinas Pekerjaan Umum dan Penataan Ruang,PT.PARINDO RAYA ENGINEERING,300000000.0
10026623000,10027187000,bantenprov,Dinas Pekerjaan Umum dan Penataan Ruang,PT.PARINDO RAYA ENGINEERING,300000000.0
10030391000,10030412000,bantenprov,Dinas Pekerjaan Umum dan Penataan Ruang,PT. ZHAFIRA ARTHA KONSULINDO,350000000.0
10019901000,10025094000,bantenprov,Dinas Pekerjaan Umum dan Penataan Ruang,PT. KREASI TEKNIKTAMA KONSULTAN,300000000.0
10025095000,10025223000,bantenprov,Dinas Pekerjaan Umum dan Penataan Ruang,PT DATA ENGINEERING KONSULTAN,150000000.0
10026489000,10026622000,bantenprov,Dinas Pekerjaan Umum dan Penataan Ruang,PT.PARINDO RAYA ENGINEERING,400000000.0
10019962000,10025094000,bantenprov,Dinas Pekerjaan Umum dan Penataan Ruang,PT. KREASI TEKNIKTAMA KONSULTAN,300000000.0
10064992000,10065021000,bantenprov,Dinas Energi dan Sumber Daya Mineral,PT. CAHAYA TASIK MANDIRI,500000000.0
10029548000,10029563000,bantenprov,Dinas Energi dan Sumber Daya Mineral,PT. KREASI SALAM MANDIRI,1960000000.0
10029517000,10029534000,bantenprov,Dinas Energi dan Sumber Daya Mineral,PT ENERGITAMA PANEN SEJAHTERA,1960000000.0
10003480000,10003506000,jabarprov,Dinas Bina Marga dan Penataan Ruang,PT. DUTA BHUANA JAYA,887416488.0
10014076000,10014079000,jabarprov,Dinas Bina Marga dan Penataan Ruang,PT. KRIYASA ABDI NUSANTARA,891964286.0
10023004000,10023013000,jabarprov,Dinas Bina Marga dan Penataan Ruang,PT. NUANSA GALAXY,1202282514.0
10023111000,10023116000,jabarprov,Dinas Bina Marga dan Penataan Ruang,PT. NUANSA GALAXY,1433464212.0
10022997000,10023104000,jabarprov,Dinas Bina Marga dan Penataan Ruang,PT. GARIS PUTIH SEJAJAR,1267900164.0
10023074000,10023075000,jabarprov,Dinas Bina Marga dan Penataan Ruang,PT. 4CIPTA KONSULTAN,1499081862.0
10024182000,10024438000,jabarprov,Dinas Bina Marga dan Penataan Ruang,PT. GARIS PUTIH SEJAJAR,2500000000.0
10024418000,10024424000,jabarprov,Dinas Bina Marga dan Penataan Ruang,PT.PRAHASTA CAKRA UTAMA,1150000000.0
10038069000,10038073000,jabarprov,Dinas Bina Marga dan Penataan Ruang,PT. FASADE KOBETAMA INTERNASIONAL,1150000000.0
10044962000,10052351000,jabarprov,UPTD PENGELOLAAN SUMBER DAYA AIR WILAYAH SUNGAI CIMANUK-CISANGGARUNG,PT. DUTA BHUANA JAYA,252990090.0
10012575000,10012580000,jakarta,DINAS PERHUBUNGAN,KAP Sriyadi Elly Sugeng & Rekan,1007047570.0
10021807000,10021810000,jakarta,DINAS PERUMAHAN RAKYAT DAN KAWASAN PERMUKIMAN,PT. CATUR EKA CIPTA,579653498.0
10075553000,10075581000,jakarta,DINAS SUMBER DAYA AIR,PT. METTANA,4300000000.0
10073596000,10073597000,jambiprov,Dinas Pekerjaan Umum dan Perumahan Rakyat,CV. Empat Pilar Kejayaan,500000000.0
10010881000,10010978000,jatimprov,DINAS PEKERJAAN UMUM BINA MARGA,PT. MITRA CIPTA ENGINEERING,801015960.0
10026944000,10028835000,jogjaprov,SEKRETARIAT DPRD,PT Visi Indonesia Mandiri Berkemajuan,229492500.0
10027108000,10028835000,jogjaprov,SEKRETARIAT DPRD,PT Visi Indonesia Mandiri Berkemajuan,229492500.0
10031347000,10031743000,kalbarprov,DINAS PEKERJAAN UMUM DAN PENATAAN RUANG PROVINSI KALIMANTAN BARAT,CV. NILAM GRIYA UTAMA,350000000.0
10031806000,10031863000,kalbarprov,DINAS PEKERJAAN UMUM DAN PENATAAN RUANG PROVINSI KALIMANTAN BARAT,"Askon Multi Jasa, PT",800000000.0
10031619000,10033682000,kalbarprov,DINAS PEKERJAAN UMUM DAN PENATAAN RUANG PROVINSI KALIMANTAN BARAT,PT. MITRA JASA SEJATI,350000000.0
10065109000,10065415000,bantenprov,Dinas Energi dan Sumber Daya Mineral,PT. ANUGRAH RIZKY ANANDA,500000000.0
10065403000,10065415000,bantenprov,Dinas Energi dan Sumber Daya Mineral,PT. ANUGRAH RIZKY ANANDA,500000000.0
10026944000,10027108000,jogjaprov,SEKRETARIAT DPRD,PT Visi Indonesia Mandiri Berkemajuan,229492500.0
10031384000,10031800000,kalbarprov,DINAS PEKERJAAN UMUM DAN PENATAAN RUANG PROVINSI KALIMANTAN BARAT,PT. FINI REKAYASA KONSULTAN,1100000000.0
10031588000,10031626000,kalbarprov,DINAS PEKERJAAN UMUM DAN PENATAAN RUANG PROVINSI KALIMANTAN BARAT,"Askon Multi Jasa, PT",350000000.0
10031735000,10032026000,baliprov,"Dinas Pendidikan, Kepemudaan dan Olahraga",CV. Studio Kotak,200000000.0
10026623000,10026624000,bantenprov,Dinas Pekerjaan Umum dan Penataan Ruang,PT.PARINDO RAYA ENGINEERING,300000000.0
10019925000,10019963000,bantenprov,Dinas Pekerjaan Umum dan Penataan Ruang,PT.PARINDO RAYA ENGINEERING,400000000.0
10014939000,10015265000,kalselprov,DINAS PEKERJAAN UMUM DAN PENATAAN RUANG,PT. TECHNIKATAMA JASA KONSULTAN,300000000.0
10014944000,10015685000,kalselprov,DINAS PEKERJAAN UMUM DAN PENATAAN RUANG,PT. WINAYA KONTEKS KHARISMA,300000000.0
10013078000,10015265000,kalselprov,DINAS PEKERJAAN UMUM DAN PENATAAN RUANG,PT. TECHNIKATAMA JASA KONSULTAN,300000000.0
10015277000,10018884000,kalselprov,DINAS PEKERJAAN UMUM DAN PENATAAN RUANG,CV. ARSA DELAPAN,600000000.0
10014923000,10015685000,kalselprov,DINAS PEKERJAAN UMUM DAN PENATAAN RUANG,PT. WINAYA KONTEKS KHARISMA,300000000.0
10014927000,10015262000,kalselprov,DINAS PEKERJAAN UMUM DAN PENATAAN RUANG,SADWA RAMA CONSULTANT,400000000.0
10014946000,10015224000,kalselprov,DINAS PEKERJAAN UMUM DAN PENATAAN RUANG,PT. Prisma Jasa Konsulindo,300000000.0
10014947000,10015224000,kalselprov,DINAS PEKERJAAN UMUM DAN PENATAAN RUANG,PT. Prisma Jasa Konsulindo,300000000.0
10014950000,10016043000,kalselprov,DINAS PEKERJAAN UMUM DAN PENATAAN RUANG,CV. SETIA JASA UTAMA,600000000.0
10015708000,10015713000,kalselprov,DINAS PEKERJAAN UMUM DAN PENATAAN RUANG,CV. TIKA KREATIF DESAIN KONSULTAN,300000000.0
10015640000,10015769000,kalselprov,DINAS PEKERJAAN UMUM DAN PENATAAN RUANG,CV. TIKA KREATIF DESAIN KONSULTAN,600000000.0
10014945000,10015609000,kalselprov,DINAS PEKERJAAN UMUM DAN PENATAAN RUANG,CV. ARSA DELAPAN,400000000.0
10013003000,10015769000,kalselprov,DINAS PEKERJAAN UMUM DAN PENATAAN RUANG,CV. TIKA KREATIF DESAIN KONSULTAN,600000000.0
10013009000,10013031000,kalselprov,DINAS PEKERJAAN UMUM DAN PENATAAN RUANG,PT. MATRA ESTETIKA REKAYASA,600000000.0
10050154000,10050804000,kalselprov,DINAS PENDIDIKAN DAN KEBUDAYAAN,CV. MEDIA MULTI MITRA,499344800.0
10015247000,10015623000,kalselprov,DINAS PEKERJAAN UMUM DAN PENATAAN RUANG,CV. RAMIER JAYA ARKANANTA,300000000.0
10013992000,10013993000,kalteng,Dinas Pekerjaan Umum dan Penataan Ruang,CV. BINTANG BARITO,4935500000.0
10010278000,10010287000,kalteng,Dinas Pekerjaan Umum dan Penataan Ruang,PT.JUMPUN PIHEWUKAN CONSULTANT,1230000000.0
10009218000,10009220000,kalteng,Dinas Pekerjaan Umum dan Penataan Ruang,CV. TATA KONSTRUKSI,4935500000.0
10010238000,10010287000,kalteng,Dinas Pekerjaan Umum dan Penataan Ruang,PT.JUMPUN PIHEWUKAN CONSULTANT,1230000000.0
10015722000,10015724000,kaltimprov,"Dinas Pekerjaan Umum, Penataan Ruang dan Perumahan Rakyat",CV. SIKLUS TEKNIK KONSULTAN,839700000.0
10015723000,10015724000,kaltimprov,"Dinas Pekerjaan Umum, Penataan Ruang dan Perumahan Rakyat",CV. SIKLUS TEKNIK KONSULTAN,839700000.0
10015074000,10015091000,kaltimprov,"Dinas Pekerjaan Umum, Penataan Ruang dan Perumahan Rakyat",CV. Enggang Cipta Consultant,856636950.0
10015075000,10015091000,kaltimprov,"Dinas Pekerjaan Umum, Penataan Ruang dan Perumahan Rakyat",CV. Enggang Cipta Consultant,856636950.0
10015076000,10015091000,kaltimprov,"Dinas Pekerjaan Umum, Penataan Ruang dan Perumahan Rakyat",CV. Enggang Cipta Consultant,856636950.0
10015082000,10015092000,kaltimprov,"Dinas Pekerjaan Umum, Penataan Ruang dan Perumahan Rakyat",Adhi Teknik,856636950.0
10013471000,10013472000,lampungprov,Dinas Bina Marga dan Bina Konstruksi,CV. Prawita Utama Konsultan,300000000.0
10013433000,10013453000,lampungprov,Dinas Bina Marga dan Bina Konstruksi,CV. SA'DA KONSULTAN,600000000.0
10013385000,10017307000,lampungprov,Dinas Bina Marga dan Bina Konstruksi,skala laras,600000000.0
10014730000,10017414000,lampungprov,Dinas Bina Marga dan Bina Konstruksi,CV. JASA TEHNIK,400000000.0
10017157000,10022214000,lampungprov,Dinas Bina Marga dan Bina Konstruksi,CV. Wirawan Konsultan,300000000.0
10018946000,10018974000,lampungprov,Dinas Pengelolaan Sumber Daya Air,CV. PASANG SUMBER ARTA,200000000.0
10018970000,10018971000,lampungprov,Dinas Pengelolaan Sumber Daya Air,PT. BUMI KARYA CONSULTANT,250000000.0
10018984000,10020775000,lampungprov,Dinas Pengelolaan Sumber Daya Air,Soraya Cipta Sarana,250000000.0
10037296000,10037300000,lampungprov,Dinas Bina Marga dan Bina Konstruksi,CV.Karya Mulya Mandiri,600000000.0
10045057000,10052760000,malutprov,Dinas Pekerjaan Umum dan Tata Ruang,FATEK ENGINEERING CONSULTANT,179158070.0
10054114000,10054877000,papua,DINAS PEKERJAAN UMUM PENATAAN RUANG PERUMAHAN DAN KAWASAN PERMUKIMAN,CV. ZALIKA ENGINEERING,300000000.0
10015673000,10015850000,kalselprov,DINAS PEKERJAAN UMUM DAN PENATAAN RUANG,CV. FIAZTA MATRIX CONSULTANT,1000000000.0
10034201000,10036802000,kalselprov,DINAS PEKERJAAN UMUM DAN PENATAAN RUANG,CV. Intishar Karya,1000000000.0
10015229000,10018892000,kalselprov,DINAS PEKERJAAN UMUM DAN PENATAAN RUANG,CV SEMBILAN SATU ENGINEERING,300000000.0
10054962000,10054982000,kalselprov,DINAS PEKERJAAN UMUM DAN PENATAAN RUANG,CV. Madani Callysta Saibuyun,1000000000.0
10014927000,10018875000,kalselprov,DINAS PEKERJAAN UMUM DAN PENATAAN RUANG,SADWA RAMA CONSULTANT,400000000.0
10014946000,10014947000,kalselprov,DINAS PEKERJAAN UMUM DAN PENATAAN RUANG,PT. Prisma Jasa Konsulindo,300000000.0
10014934000,10018892000,kalselprov,DINAS PEKERJAAN UMUM DAN PENATAAN RUANG,CV SEMBILAN SATU ENGINEERING,300000000.0
10075349000,10075350000,kalselprov,DINAS PEKERJAAN UMUM DAN PENATAAN RUANG,PT. TECHNIKATAMA JASA KONSULTAN,500000000.0
10064923000,10069068000,kalselprov,DINAS PEKERJAAN UMUM DAN PENATAAN RUANG,PT TECTAMA KARYA,400000000.0
10018580000,10021773000,kalselprov,DINAS PERUMAHAN RAKYAT DAN KAWASAN PERMUKIMAN,PT. KINARYA ALAM RAYA,500000000.0
10015262000,10018875000,kalselprov,DINAS PEKERJAAN UMUM DAN PENATAAN RUANG,SADWA RAMA CONSULTANT,400000000.0
10015295000,10015677000,kalselprov,DINAS PEKERJAAN UMUM DAN PENATAAN RUANG,CV. EMPAT BELAS,600000000.0
10013959000,10013965000,kalselprov,DINAS PEKERJAAN UMUM DAN PENATAAN RUANG,CV. RAMIER JAYA ARKANANTA,700000000.0
10025346000,10034198000,kalselprov,DINAS PEKERJAAN UMUM DAN PENATAAN RUANG,CV. WAHANA TATA BANJARAN,1000000000.0
10010278000,10010294000,kalteng,Dinas Pekerjaan Umum dan Penataan Ruang,PT.JUMPUN PIHEWUKAN CONSULTANT,1230000000.0
10009217000,10009734000,kalteng,Dinas Pekerjaan Umum dan Penataan Ruang,PT. RIANA PUTRA ABADI,19925500000.0
10010238000,10010294000,kalteng,Dinas Pekerjaan Umum dan Penataan Ruang,PT.JUMPUN PIHEWUKAN CONSULTANT,1230000000.0
10010224000,10010231000,kalteng,Dinas Pekerjaan Umum dan Penataan Ruang,PT. MIRAMY KONSULTAN,1230000000.0
10070130000,10070426000,kalteng,Dinas Pekerjaan Umum dan Penataan Ruang,Bhakti Nusa Perkasa,972868000.0
10010287000,10010294000,kalteng,Dinas Pekerjaan Umum dan Penataan Ruang,PT.JUMPUN PIHEWUKAN CONSULTANT,1230000000.0
10015722000,10015723000,kaltimprov,"Dinas Pekerjaan Umum, Penataan Ruang dan Perumahan Rakyat",CV. SIKLUS TEKNIK KONSULTAN,839700000.0
10028338000,10028733000,kaltimprov,"Dinas Pekerjaan Umum, Penataan Ruang dan Perumahan Rakyat",mutiarakaltim,2500644580.0
10015034000,10016095000,kaltimprov,"Dinas Pekerjaan Umum, Penataan Ruang dan Perumahan Rakyat",RIMA CIPTA CONSULTANT ( RCC ),983250000.0
10015074000,10015076000,kaltimprov,"Dinas Pekerjaan Umum, Penataan Ruang dan Perumahan Rakyat",CV. Enggang Cipta Consultant,856636950.0
10015075000,10015076000,kaltimprov,"Dinas Pekerjaan Umum, Penataan Ruang dan Perumahan Rakyat",CV. Enggang Cipta Consultant,856636950.0
10015097000,10020334000,kaltimprov,"Dinas Pekerjaan Umum, Penataan Ruang dan Perumahan Rakyat",PT. SIERA KALTIM KONSULINDO,856636950.0
10025649000,10028670000,kaltimprov,Dinas Pendidikan dan Kebudayaan,cv. restorasi design industri kontraktor,4021866000.0
10062234000,10063472000,kaltimprov,"Dinas Pekerjaan Umum, Penataan Ruang dan Perumahan Rakyat",CV. RISMA NUGRAHA,278400000.0
10015087000,10015098000,kaltimprov,"Dinas Pekerjaan Umum, Penataan Ruang dan Perumahan Rakyat",PT. TEKNIKAL GLOBAL KONSULTAN,856636950.0
10025467000,10025482000,kaltimprov,Dinas Pendidikan dan Kebudayaan,RANDU ALAS ENGINEERING,246950000.0
10015062000,10015070000,kaltimprov,"Dinas Pekerjaan Umum, Penataan Ruang dan Perumahan Rakyat",CV. ATSHYR TEKNIK KONSULTAN,996376182.0
10017310000,10017404000,lampungprov,Dinas Bina Marga dan Bina Konstruksi,RC CONSULTANT,400000000.0
10022193000,10022201000,lampungprov,Dinas Bina Marga dan Bina Konstruksi,CV. INTI MULYA KONSULTAN,250000000.0
10031490000,10031491000,lampungprov,Dinas Bina Marga dan Bina Konstruksi,CV.DEN BAGOES CONSULTANT,400000000.0
10066091000,10066120000,malukuprov,DINAS PEKERJAAN UMUM DAN PENATAAN RUANG,CV.KENZOJAYA,485000000.0
10033444000,10034538000,malutprov,Dinas Pekerjaan Umum dan Tata Ruang,PERMATA DESIGN TEKNIK,179158070.0
10011646000,10011730000,sulselprov,DINAS BINA MARGA DAN BINA KONSTRUKSI,PT. NAFA AIRFINDO KONSULTAN,350000000.0
10013078000,10014939000,kalselprov,DINAS PEKERJAAN UMUM DAN PENATAAN RUANG,PT. TECHNIKATAMA JASA KONSULTAN,300000000.0
10014923000,10014944000,kalselprov,DINAS PEKERJAAN UMUM DAN PENATAAN RUANG,PT. WINAYA KONTEKS KHARISMA,300000000.0
10013003000,10015640000,kalselprov,DINAS PEKERJAAN UMUM DAN PENATAAN RUANG,CV. TIKA KREATIF DESAIN KONSULTAN,600000000.0
10015074000,10015075000,kaltimprov,"Dinas Pekerjaan Umum, Penataan Ruang dan Perumahan Rakyat",CV. Enggang Cipta Consultant,856636950.0
10015708000,10019410000,kalselprov,DINAS PEKERJAAN UMUM DAN PENATAAN RUANG,CV. TIKA KREATIF DESAIN KONSULTAN,300000000.0
10014934000,10015229000,kalselprov,DINAS PEKERJAAN UMUM DAN PENATAAN RUANG,CV SEMBILAN SATU ENGINEERING,300000000.0
10015713000,10019410000,kalselprov,DINAS PEKERJAAN UMUM DAN PENATAAN RUANG,CV. TIKA KREATIF DESAIN KONSULTAN,300000000.0
10010238000,10010278000,kalteng,Dinas Pekerjaan Umum dan Penataan Ruang,PT.JUMPUN PIHEWUKAN CONSULTANT,1230000000.0
10067498000,10070804000,sultengprov,"Dinas Perumahan, Kawasan Permukiman dan Pertanahan Provinsi Sulawesi Tengah",PT. PLANO ENGINEERING CONSULTANT,300000000.0
10049637000,10049641000,sultraprov,DINAS PARIWISATA,PT. ARSIKEN CITRATAMA,430000000.0
10006301000,10009178000,sumbarprov,"DINAS BINA MARGA, CIPTA KARYA DAN TATA RUANG",ANDALAS RAYA CONSULINDO,240000000.0
10006304000,10009178000,sumbarprov,"DINAS BINA MARGA, CIPTA KARYA DAN TATA RUANG",ANDALAS RAYA CONSULINDO,240000000.0
10009978000,10009980000,sumselprov,Dinas Pekerjaan Umum Bina Marga dan Tata Ruang,SAUNARUNG MAHA CIPTA,716905000.0
10011004000,10011013000,sumselprov,Dinas Pekerjaan Umum Bina Marga dan Tata Ruang,CV. ERSELIA CITRA PERSADA,1000000000.0
10011009000,10011010000,sumselprov,Dinas Pekerjaan Umum Bina Marga dan Tata Ruang,CV. MEDELLINE ARCH,1000000000.0
10009963000,10009965000,sumselprov,Dinas Pekerjaan Umum Bina Marga dan Tata Ruang,CV GISA BERSAUDARA,809442000.0
10047947000,10048060000,sumselprov,Dinas Pekerjaan Umum Bina Marga dan Tata Ruang,PT. Bumi Mahardika Sentosa,3000000000.0
10032500000,10032511000,sumselprov,Dinas Perhubungan,PT.SUKSES MANDIRI SEMESTA,450000000.0
10054597000,10054598000,sumselprov,Dinas Pengelolaan Sumber Daya Air,cv. Hafilia,170000000.0
10054586000,10054593000,sumselprov,Dinas Pengelolaan Sumber Daya Air,CV. ROM KARYA,170000000.0
10056814000,10065830000,sumselprov,Dinas Pekerjaan Umum Bina Marga dan Tata Ruang,CV. MAWAR,5000000000.0
10065735000,10076668000,sumselprov,Dinas Pendidikan,CV. LEI Karya Konstruksi,549001626.0
10079014000,10079015000,sumselprov,Sekretariat DPRD,CV MUMTAZ BANGUN PERSADA,1022560000.0
10069772000,10069789000,sumutprov,Dinas Pekerjaan Umum dan Penataan Ruang,cv.citra pramatra,200000000.0
10068008000,10068056000,sultengprov,"Dinas Perumahan, Kawasan Permukiman dan Pertanahan Provinsi Sulawesi Tengah",PT.DELINEASI RUPABUMI KONSULTAN,300000000.0
10035968000,10044230000,sultengprov,Dinas Cipta Karya dan Sumberdaya Air,CV. DIGITASI CONSULTANT,280000000.0
10068005000,10068010000,sultengprov,"Dinas Perumahan, Kawasan Permukiman dan Pertanahan Provinsi Sulawesi Tengah",PT. SATRIA CREASINDO PRIMA,300000000.0
10068000000,10068132000,sultengprov,"Dinas Perumahan, Kawasan Permukiman dan Pertanahan Provinsi Sulawesi Tengah",PT. ARINA ADICIPTA KONSULTAN,300000000.0
10009178000,10011936000,sumbarprov,"DINAS BINA MARGA, CIPTA KARYA DAN TATA RUANG",ANDALAS RAYA CONSULINDO,240000000.0
10009967000,10009969000,sumselprov,Dinas Pekerjaan Umum Bina Marga dan Tata Ruang,CV. CIPTA BANGUN CONSULTANT,863249000.0
10093491000,10093499000,sumselprov,Dinas Pengelolaan Sumber Daya Air,CV. ABAB JAYA MANDIRI,961000000.0
10079003000,10079009000,sumutprov,Dinas Pekerjaan Umum dan Penataan Ruang,CV. Prisma Tehnik,800000000.0
10006301000,10006304000,sumbarprov,"DINAS BINA MARGA, CIPTA KARYA DAN TATA RUANG",ANDALAS RAYA CONSULINDO,240000000.0
10009963000,10009966000,sumselprov,Dinas Pekerjaan Umum Bina Marga dan Tata Ruang,CV GISA BERSAUDARA,809442000.0
10009965000,10009966000,sumselprov,Dinas Pekerjaan Umum Bina Marga dan Tata Ruang,CV GISA BERSAUDARA,809442000.0
